[
     {
      "id": 1,
      "logo": "https://i.ibb.co/PzrbTxh/google-1-1-1.png",
      "job_title": "Technical Database Engineer",
      "company_name": "Google LLC",
      "remote_or_onsite": "Remote",
      "location": "Dhaka, Bangladesh",
      "job_type": "Full Time",
      "salary": "100k-150k",
      "job_description": " A UI/UX (User Interface/User Experience) designer is responsible for designing and creating engaging and effective interfaces for software and web applications. This includes designing the layout, visual design, and interactivity of the user interface.",
      "job_responsibility": "Collaborating with cross-functional teams: UI/UX designers often work closely with other teams, including product management, engineering, and marketing, to ensure that the user interface is aligned with business and technical requirements. You will need to be able to effectively communicate your design ideas and gather feedback from other team members.",
      "educational_requirements": "Bachelor degree to complete any reputational university.",
      "experiences": "2-3 Years in this field.",
      "contact_information": {
        "phone": "01750-00 00 00",
        "email": "info@gmail.com",
        "address": "Dhanmondi 32, Sukrabad Dhaka, Bangladesh"
      }
    },
    {
        "id": 2,
        "logo": "https://i.ibb.co/H4wJGhb/netflix-4-1.png",
        "job_title": "Senior Product Designer",
        "company_name": "Netflix",
        "remote_or_onsite": "Onsite",
        "location": "Dhaka, Bangladesh",
        "job_type": "Full Time",
        "salary": "100k-150k",
        "job_description": "A UI/UX (User Interface/User Experience) designer is responsible for designing and creating engaging and effective interfaces for software and web applications. This includes designing the layout, visual design, and interactivity of the user interface.",
        "job_responsibility": "Collaborating with cross-functional teams: UI/UX designers often work closely with other teams, including product management, engineering, and marketing, to ensure that the user interface is aligned with business and technical requirements. You will need to be able to effectively communicate your design ideas and gather feedback from other team members.",
        "educational_requirements": "Bachelor degree to complete any reputational university.",
        "experiences": "2-3 Years in this field.",
        "contact_information": {
          "phone": "01750-00 00 00",
          "email": "info@gmail.com",
          "address": "Dhanmondi 32, Sukrabad Dhaka, Bangladesh"
        }
      },
      {
        "id": 3,
        "logo": "https://i.ibb.co/JRXgX92/tesla-9-1.png",
        "job_title": "Software Engineer",
        "company_name": "Tesla",
        "remote_or_onsite": "Onsite",
        "location": "Dhaka, Bangladesh",
        "job_type": "Full Time",
        "salary": "100k-150k",
        "job_description": " A UI/UX (User Interface/User Experience) designer is responsible for designing and creating engaging and effective interfaces for software and web applications. This includes designing the layout, visual design, and interactivity of the user interface.",
        "job_responsibility": "Collaborating with cross-functional teams: UI/UX designers often work closely with other teams, including product management, engineering, and marketing, to ensure that the user interface is aligned with business and technical requirements. You will need to be able to effectively communicate your design ideas and gather feedback from other team members.",
        "educational_requirements": "Bachelor degree to complete any reputational university.",
        "experiences": "2-3 Years in this field.",
        "contact_information": {
          "phone": "01750-00 00 00",
          "email": "info@gmail.com",
          "address": "Dhanmondi 32, Sukrabad Dhaka, Bangladesh"
        }
      },
      {
        "id": 4,
        "logo": "https://i.ibb.co/PzrbTxh/google-1-1-1.png",
        "job_title": "Software Engineer",
        "company_name": "Google LLC",
        "remote_or_onsite": "Onsite",
        "location": "Dhaka, Bangladesh",
        "job_type": "Full Time",
        "salary": "100k-150k",
        "job_description": "A UI/UX (User Interface/User Experience) designer is responsible for designing and creating engaging and effective interfaces for software and web applications. This includes designing the layout, visual design, and interactivity of the user interface.",
        "job_responsibility": "Collaborating with cross-functional teams: UI/UX designers often work closely with other teams, including product management, engineering, and marketing, to ensure that the user interface is aligned with business and technical requirements. You will need to be able to effectively communicate your design ideas and gather feedback from other team members.",
        "educational_requirements": "Bachelor degree to complete any reputational university.",
        "experiences": "2-3 Years in this field.",
        "contact_information": {
          "phone": "01750-00 00 00",
          "email": "info@gmail.com",
          "address": "Dhanmondi 32, Sukrabad Dhaka, Bangladesh"
        }
      },
      {
        "id": 5,
        "logo": "https://i.ibb.co/JRXgX92/tesla-9-1.png",
        "job_title": "Technical Database Engineer",
        "company_name": "Tesla",
        "remote_or_onsite": "Remote",
        "location": "Dhaka, Bangladesh",
        "job_type": "Full Time",
        "salary": "100k-150k",
        "job_description": "A UI/UX (User Interface/User Experience) designer is responsible for designing and creating engaging and effective interfaces for software and web applications. This includes designing the layout, visual design, and interactivity of the user interface.",
        "job_responsibility": "Collaborating with cross-functional teams: UI/UX designers often work closely with other teams, including product management, engineering, and marketing, to ensure that the user interface is aligned with business and technical requirements. You will need to be able to effectively communicate your design ideas and gather feedback from other team members.",
        "educational_requirements": "Bachelor degree to complete any reputational university.",
        "experiences": "2-3 Years in this field.",
        "contact_information": {
          "phone": "01750-00 00 00",
          "email": "info@gmail.com",
          "address": "Dhanmondi 32, Sukrabad Dhaka, Bangladesh"
        }
      },
      {
        "id": 6,
        "logo": "https://i.ibb.co/H4wJGhb/netflix-4-1.png",
        "job_title": "Senior Product Designer",
        "company_name": "Netflix",
        "remote_or_onsite": "Remote",
        "location": "Dhaka, Bangladesh",
        "job_type": "Full Time",
        "salary": "100k-150k",
        "job_description": "A UI/UX (User Interface/User Experience) designer is responsible for designing and creating engaging and effective interfaces for software and web applications. This includes designing the layout, visual design, and interactivity of the user interface.",
        "job_responsibility": "Collaborating with cross-functional teams: UI/UX designers often work closely with other teams, including product management, engineering, and marketing, to ensure that the user interface is aligned with business and technical requirements. You will need to be able to effectively communicate your design ideas and gather feedback from other team members.",
        "educational_requirements": "Bachelor degree to complete any reputational university.",
        "experiences": "2-3 Years in this field.",
        "contact_information": {
          "phone": "01750-00 00 00",
          "email": "info@gmail.com",
          "address": "Dhanmondi 32, Sukrabad Dhaka, Bangladesh"
        }
      }
  
  ]